filename,file_size,file_attributes,region_count,region_id,region_shape_attributes,region_attributes
0f1c03aa-35a6-4bed-a2f2-7f91214ca69a_1920x1080.jpg,275475,"{}",10,0,"{""name"":""rect"",""x"":257,""y"":324,""width"":151,""height"":99}","{""class"":""hardhat""}"
0f1c03aa-35a6-4bed-a2f2-7f91214ca69a_1920x1080.jpg,275475,"{}",10,1,"{""name"":""rect"",""x"":566,""y"":145,""width"":127,""height"":102}","{""class"":""hardhat""}"
0f1c03aa-35a6-4bed-a2f2-7f91214ca69a_1920x1080.jpg,275475,"{}",10,2,"{""name"":""rect"",""x"":873,""y"":226,""width"":135,""height"":92}","{""class"":""hardhat""}"
0f1c03aa-35a6-4bed-a2f2-7f91214ca69a_1920x1080.jpg,275475,"{}",10,3,"{""name"":""rect"",""x"":1174,""y"":273,""width"":133,""height"":96}","{""class"":""hardhat""}"
0f1c03aa-35a6-4bed-a2f2-7f91214ca69a_1920x1080.jpg,275475,"{}",10,4,"{""name"":""rect"",""x"":1472,""y"":161,""width"":155,""height"":97}","{""class"":""hardhat""}"
0f1c03aa-35a6-4bed-a2f2-7f91214ca69a_1920x1080.jpg,275475,"{}",10,5,"{""name"":""rect"",""x"":212,""y"":479,""width"":252,""height"":370}","{""class"":""vest""}"
0f1c03aa-35a6-4bed-a2f2-7f91214ca69a_1920x1080.jpg,275475,"{}",10,6,"{""name"":""rect"",""x"":507,""y"":311,""width"":252,""height"":380}","{""class"":""vest""}"
0f1c03aa-35a6-4bed-a2f2-7f91214ca69a_1920x1080.jpg,275475,"{}",10,7,"{""name"":""rect"",""x"":827,""y"":382,""width"":237,""height"":346}","{""class"":""vest""}"
0f1c03aa-35a6-4bed-a2f2-7f91214ca69a_1920x1080.jpg,275475,"{}",10,8,"{""name"":""rect"",""x"":1123,""y"":435,""width"":217,""height"":359}","{""class"":""vest""}"
0f1c03aa-35a6-4bed-a2f2-7f91214ca69a_1920x1080.jpg,275475,"{}",10,9,"{""name"":""rect"",""x"":1436,""y"":329,""width"":245,""height"":415}","{""class"":""vest""}"
1.jpg,112950,"{}",8,0,"{""name"":""rect"",""x"":81,""y"":4,""width"":121,""height"":34}","{""class"":""hardhat""}"
1.jpg,112950,"{}",8,1,"{""name"":""rect"",""x"":333,""y"":4,""width"":133,""height"":83}","{""class"":""hardhat""}"
1.jpg,112950,"{}",8,2,"{""name"":""rect"",""x"":482,""y"":4,""width"":151,""height"":105}","{""class"":""hardhat""}"
1.jpg,112950,"{}",8,3,"{""name"":""rect"",""x"":104,""y"":42,""width"":79,""height"":56}","{""class"":""mask""}"
1.jpg,112950,"{}",8,4,"{""name"":""rect"",""x"":365,""y"":102,""width"":69,""height"":42}","{""class"":""mask""}"
1.jpg,112950,"{}",8,5,"{""name"":""rect"",""x"":534,""y"":108,""width"":59,""height"":40}","{""class"":""mask""}"
1.jpg,112950,"{}",8,6,"{""name"":""rect"",""x"":22,""y"":76,""width"":209,""height"":276}","{""class"":""vest""}"
1.jpg,112950,"{}",8,7,"{""name"":""rect"",""x"":582,""y"":91,""width"":187,""height"":263}","{""class"":""vest""}"
2d88bbb2-fa7f-43b6-a46d-3571f3044a4b-smallScale_BankrobberyinNorthwestD.C.II.jpg,127112,"{}",3,0,"{""name"":""rect"",""x"":147,""y"":115,""width"":91,""height"":86}","{""class"":""hardhat""}"
2d88bbb2-fa7f-43b6-a46d-3571f3044a4b-smallScale_BankrobberyinNorthwestD.C.II.jpg,127112,"{}",3,1,"{""name"":""rect"",""x"":154,""y"":217,""width"":60,""height"":35}","{""class"":""mask""}"
2d88bbb2-fa7f-43b6-a46d-3571f3044a4b-smallScale_BankrobberyinNorthwestD.C.II.jpg,127112,"{}",3,2,"{""name"":""rect"",""x"":85,""y"":198,""width"":173,""height"":106}","{""class"":""vest""}"
04c7c4d2d7571cc079dfb6d0caa49232.jpg,375974,"{}",6,0,"{""name"":""rect"",""x"":424,""y"":69,""width"":205,""height"":213}","{""class"":""hardhat""}"
04c7c4d2d7571cc079dfb6d0caa49232.jpg,375974,"{}",6,1,"{""name"":""rect"",""x"":1505,""y"":284,""width"":164,""height"":149}","{""class"":""hardhat""}"
04c7c4d2d7571cc079dfb6d0caa49232.jpg,375974,"{}",6,2,"{""name"":""rect"",""x"":504,""y"":232,""width"":448,""height"":462}","{""class"":""vest""}"
04c7c4d2d7571cc079dfb6d0caa49232.jpg,375974,"{}",6,3,"{""name"":""rect"",""x"":1867,""y"":846,""width"":178,""height"":113}","{""class"":""boots""}"
04c7c4d2d7571cc079dfb6d0caa49232.jpg,375974,"{}",6,4,"{""name"":""rect"",""x"":1591,""y"":374,""width"":287,""height"":225}","{""class"":""vest""}"
04c7c4d2d7571cc079dfb6d0caa49232.jpg,375974,"{}",6,5,"{""name"":""rect"",""x"":1940,""y"":100,""width"":103,""height"":392}","{""class"":""vest""}"
23-2.jpg,11907,"{}",4,0,"{""name"":""rect"",""x"":140,""y"":1,""width"":68,""height"":36}","{""class"":""hardhat""}"
23-2.jpg,11907,"{}",4,1,"{""name"":""rect"",""x"":31,""y"":0,""width"":62,""height"":36}","{""class"":""hardhat""}"
23-2.jpg,11907,"{}",4,2,"{""name"":""rect"",""x"":14,""y"":53,""width"":95,""height"":135}","{""class"":""vest""}"
23-2.jpg,11907,"{}",4,3,"{""name"":""rect"",""x"":118,""y"":78,""width"":115,""height"":114}","{""class"":""vest""}"
45-453985_transparent-scrap-metal-png-hard-hat-png-download.png,95028,"{}",10,0,"{""name"":""rect"",""x"":41,""y"":52,""width"":43,""height"":26}","{""class"":""hardhat""}"
45-453985_transparent-scrap-metal-png-hard-hat-png-download.png,95028,"{}",10,1,"{""name"":""rect"",""x"":135,""y"":38,""width"":43,""height"":34}","{""class"":""hardhat""}"
45-453985_transparent-scrap-metal-png-hard-hat-png-download.png,95028,"{}",10,2,"{""name"":""rect"",""x"":228,""y"":34,""width"":47,""height"":29}","{""class"":""hardhat""}"
45-453985_transparent-scrap-metal-png-hard-hat-png-download.png,95028,"{}",10,3,"{""name"":""rect"",""x"":328,""y"":38,""width"":38,""height"":36}","{""class"":""hardhat""}"
45-453985_transparent-scrap-metal-png-hard-hat-png-download.png,95028,"{}",10,4,"{""name"":""rect"",""x"":415,""y"":56,""width"":42,""height"":29}","{""class"":""hardhat""}"
45-453985_transparent-scrap-metal-png-hard-hat-png-download.png,95028,"{}",10,5,"{""name"":""rect"",""x"":12,""y"":104,""width"":94,""height"":101}","{""class"":""vest""}"
45-453985_transparent-scrap-metal-png-hard-hat-png-download.png,95028,"{}",10,6,"{""name"":""rect"",""x"":109,""y"":92,""width"":93,""height"":102}","{""class"":""vest""}"
45-453985_transparent-scrap-metal-png-hard-hat-png-download.png,95028,"{}",10,7,"{""name"":""rect"",""x"":209,""y"":86,""width"":82,""height"":116}","{""class"":""vest""}"
45-453985_transparent-scrap-metal-png-hard-hat-png-download.png,95028,"{}",10,8,"{""name"":""rect"",""x"":306,""y"":98,""width"":82,""height"":116}","{""class"":""vest""}"
45-453985_transparent-scrap-metal-png-hard-hat-png-download.png,95028,"{}",10,9,"{""name"":""rect"",""x"":391,""y"":99,""width"":93,""height"":108}","{""class"":""vest""}"
72f969cd64c049e9aa75428cdf4ad37d.jpg,19581,"{}",1,0,"{""name"":""rect"",""x"":90,""y"":30,""width"":184,""height"":118}","{""class"":""hardhat""}"
275.jpg,53568,"{}",3,0,"{""name"":""rect"",""x"":86,""y"":108,""width"":76,""height"":48}","{""class"":""hardhat""}"
275.jpg,53568,"{}",3,1,"{""name"":""rect"",""x"":262,""y"":115,""width"":70,""height"":40}","{""class"":""hardhat""}"
275.jpg,53568,"{}",3,2,"{""name"":""rect"",""x"":246,""y"":200,""width"":130,""height"":165}","{""class"":""vest""}"
374.jpg,46278,"{}",3,0,"{""name"":""rect"",""x"":18,""y"":170,""width"":129,""height"":201}","{""class"":""vest""}"
374.jpg,46278,"{}",3,1,"{""name"":""rect"",""x"":90,""y"":92,""width"":73,""height"":56}","{""class"":""hardhat""}"
374.jpg,46278,"{}",3,2,"{""name"":""rect"",""x"":293,""y"":161,""width"":71,""height"":37}","{""class"":""hardhat""}"
1700890.jpg,18864,"{}",6,0,"{""name"":""rect"",""x"":194,""y"":22,""width"":27,""height"":18}","{""class"":""hardhat""}"
1700890.jpg,18864,"{}",6,1,"{""name"":""rect"",""x"":14,""y"":19,""width"":28,""height"":17}","{""class"":""hardhat""}"
1700890.jpg,18864,"{}",6,2,"{""name"":""rect"",""x"":54,""y"":36,""width"":26,""height"":14}","{""class"":""hardhat""}"
1700890.jpg,18864,"{}",6,3,"{""name"":""rect"",""x"":10,""y"":198,""width"":43,""height"":20}","{""class"":""boots""}"
1700890.jpg,18864,"{}",6,4,"{""name"":""rect"",""x"":185,""y"":208,""width"":36,""height"":24}","{""class"":""boots""}"
1700890.jpg,18864,"{}",6,5,"{""name"":""rect"",""x"":61,""y"":208,""width"":30,""height"":18}","{""class"":""boots""}"
12575580-1x1-xlarge.jpg,118229,"{}",2,0,"{""name"":""rect"",""x"":281,""y"":197,""width"":288,""height"":176}","{""class"":""hardhat""}"
12575580-1x1-xlarge.jpg,118229,"{}",2,1,"{""name"":""rect"",""x"":307,""y"":356,""width"":179,""height"":126}","{""class"":""mask""}"
african-electrical-engineer-handsome-young-substation-43844572.jpg,82186,"{}",2,0,"{""name"":""rect"",""x"":384,""y"":63,""width"":161,""height"":109}","{""class"":""hardhat""}"
african-electrical-engineer-handsome-young-substation-43844572.jpg,82186,"{}",2,1,"{""name"":""rect"",""x"":346,""y"":236,""width"":319,""height"":291}","{""class"":""vest""}"
article-2349615-1A88C3D8000005DC-451_634x505.jpg,50075,"{}",2,0,"{""name"":""rect"",""x"":226,""y"":115,""width"":97,""height"":67}","{""class"":""hardhat""}"
article-2349615-1A88C3D8000005DC-451_634x505.jpg,50075,"{}",2,1,"{""name"":""rect"",""x"":134,""y"":232,""width"":236,""height"":253}","{""class"":""vest""}"
best-construction-hard-hats.jpg,42299,"{}",6,0,"{""name"":""rect"",""x"":46,""y"":27,""width"":123,""height"":74}","{""class"":""hardhat""}"
best-construction-hard-hats.jpg,42299,"{}",6,1,"{""name"":""rect"",""x"":298,""y"":36,""width"":100,""height"":70}","{""class"":""hardhat""}"
best-construction-hard-hats.jpg,42299,"{}",6,2,"{""name"":""rect"",""x"":429,""y"":16,""width"":128,""height"":71}","{""class"":""hardhat""}"
best-construction-hard-hats.jpg,42299,"{}",6,3,"{""name"":""rect"",""x"":29,""y"":143,""width"":195,""height"":176}","{""class"":""vest""}"
best-construction-hard-hats.jpg,42299,"{}",6,4,"{""name"":""rect"",""x"":260,""y"":140,""width"":158,""height"":198}","{""class"":""vest""}"
best-construction-hard-hats.jpg,42299,"{}",6,5,"{""name"":""rect"",""x"":437,""y"":136,""width"":192,""height"":220}","{""class"":""vest""}"
best-hard-hat-sweatband.jpg,58042,"{}",15,0,"{""name"":""rect"",""x"":358,""y"":24,""width"":44,""height"":35}","{""class"":""hardhat""}"
best-hard-hat-sweatband.jpg,58042,"{}",15,1,"{""name"":""rect"",""x"":446,""y"":4,""width"":43,""height"":28}","{""class"":""hardhat""}"
best-hard-hat-sweatband.jpg,58042,"{}",15,2,"{""name"":""rect"",""x"":615,""y"":53,""width"":40,""height"":27}","{""class"":""hardhat""}"
best-hard-hat-sweatband.jpg,58042,"{}",15,3,"{""name"":""rect"",""x"":594,""y"":52,""width"":28,""height"":29}","{""class"":""hardhat""}"
best-hard-hat-sweatband.jpg,58042,"{}",15,4,"{""name"":""rect"",""x"":433,""y"":60,""width"":47,""height"":29}","{""class"":""hardhat""}"
best-hard-hat-sweatband.jpg,58042,"{}",15,5,"{""name"":""rect"",""x"":469,""y"":109,""width"":44,""height"":33}","{""class"":""hardhat""}"
best-hard-hat-sweatband.jpg,58042,"{}",15,6,"{""name"":""rect"",""x"":176,""y"":84,""width"":87,""height"":95}","{""class"":""vest""}"
best-hard-hat-sweatband.jpg,58042,"{}",15,7,"{""name"":""rect"",""x"":336,""y"":65,""width"":85,""height"":95}","{""class"":""vest""}"
best-hard-hat-sweatband.jpg,58042,"{}",15,8,"{""name"":""rect"",""x"":450,""y"":148,""width"":74,""height"":92}","{""class"":""vest""}"
best-hard-hat-sweatband.jpg,58042,"{}",15,9,"{""name"":""rect"",""x"":399,""y"":98,""width"":79,""height"":112}","{""class"":""vest""}"
best-hard-hat-sweatband.jpg,58042,"{}",15,10,"{""name"":""rect"",""x"":582,""y"":91,""width"":36,""height"":87}","{""class"":""vest""}"
best-hard-hat-sweatband.jpg,58042,"{}",15,11,"{""name"":""rect"",""x"":606,""y"":99,""width"":66,""height"":98}","{""class"":""vest""}"
best-hard-hat-sweatband.jpg,58042,"{}",15,12,"{""name"":""rect"",""x"":185,""y"":238,""width"":56,""height"":68}","{""class"":""boots""}"
best-hard-hat-sweatband.jpg,58042,"{}",15,13,"{""name"":""rect"",""x"":324,""y"":216,""width"":78,""height"":71}","{""class"":""boots""}"
best-hard-hat-sweatband.jpg,58042,"{}",15,14,"{""name"":""rect"",""x"":394,""y"":250,""width"":56,""height"":83}","{""class"":""boots""}"
bigstock-Warehouse-team-with-arms-cross-81266576.jpg,323268,"{}",8,0,"{""name"":""rect"",""x"":183,""y"":107,""width"":172,""height"":108}","{""class"":""hardhat""}"
bigstock-Warehouse-team-with-arms-cross-81266576.jpg,323268,"{}",8,1,"{""name"":""rect"",""x"":572,""y"":34,""width"":172,""height"":102}","{""class"":""hardhat""}"
bigstock-Warehouse-team-with-arms-cross-81266576.jpg,323268,"{}",8,2,"{""name"":""rect"",""x"":784,""y"":53,""width"":192,""height"":123}","{""class"":""hardhat""}"
bigstock-Warehouse-team-with-arms-cross-81266576.jpg,323268,"{}",8,3,"{""name"":""rect"",""x"":1111,""y"":14,""width"":184,""height"":117}","{""class"":""hardhat""}"
bigstock-Warehouse-team-with-arms-cross-81266576.jpg,323268,"{}",8,4,"{""name"":""rect"",""x"":67,""y"":323,""width"":341,""height"":482}","{""class"":""vest""}"
bigstock-Warehouse-team-with-arms-cross-81266576.jpg,323268,"{}",8,5,"{""name"":""rect"",""x"":473,""y"":270,""width"":335,""height"":457}","{""class"":""vest""}"
bigstock-Warehouse-team-with-arms-cross-81266576.jpg,323268,"{}",8,6,"{""name"":""rect"",""x"":689,""y"":305,""width"":361,""height"":572}","{""class"":""vest""}"
bigstock-Warehouse-team-with-arms-cross-81266576.jpg,323268,"{}",8,7,"{""name"":""rect"",""x"":1021,""y"":241,""width"":354,""height"":505}","{""class"":""vest""}"
Bucks Seat Install_Mortenson 1.jpg,287799,"{}",15,0,"{""name"":""rect"",""x"":485,""y"":64,""width"":69,""height"":42}","{""class"":""hardhat""}"
Bucks Seat Install_Mortenson 1.jpg,287799,"{}",15,1,"{""name"":""rect"",""x"":366,""y"":66,""width"":63,""height"":38}","{""class"":""hardhat""}"
Bucks Seat Install_Mortenson 1.jpg,287799,"{}",15,2,"{""name"":""rect"",""x"":89,""y"":23,""width"":58,""height"":41}","{""class"":""hardhat""}"
Bucks Seat Install_Mortenson 1.jpg,287799,"{}",15,3,"{""name"":""rect"",""x"":154,""y"":32,""width"":39,""height"":34}","{""class"":""hardhat""}"
Bucks Seat Install_Mortenson 1.jpg,287799,"{}",15,4,"{""name"":""rect"",""x"":259,""y"":37,""width"":55,""height"":35}","{""class"":""hardhat""}"
Bucks Seat Install_Mortenson 1.jpg,287799,"{}",15,5,"{""name"":""rect"",""x"":222,""y"":67,""width"":68,""height"":45}","{""class"":""hardhat""}"
Bucks Seat Install_Mortenson 1.jpg,287799,"{}",15,6,"{""name"":""rect"",""x"":352,""y"":43,""width"":49,""height"":29}","{""class"":""hardhat""}"
Bucks Seat Install_Mortenson 1.jpg,287799,"{}",15,7,"{""name"":""rect"",""x"":465,""y"":53,""width"":41,""height"":26}","{""class"":""hardhat""}"
Bucks Seat Install_Mortenson 1.jpg,287799,"{}",15,8,"{""name"":""rect"",""x"":70,""y"":126,""width"":95,""height"":138}","{""class"":""vest""}"
Bucks Seat Install_Mortenson 1.jpg,287799,"{}",15,9,"{""name"":""rect"",""x"":193,""y"":140,""width"":112,""height"":127}","{""class"":""vest""}"
Bucks Seat Install_Mortenson 1.jpg,287799,"{}",15,10,"{""name"":""rect"",""x"":337,""y"":129,""width"":123,""height"":135}","{""class"":""vest""}"
Bucks Seat Install_Mortenson 1.jpg,287799,"{}",15,11,"{""name"":""rect"",""x"":470,""y"":130,""width"":124,""height"":130}","{""class"":""vest""}"
Bucks Seat Install_Mortenson 1.jpg,287799,"{}",15,12,"{""name"":""rect"",""x"":147,""y"":80,""width"":78,""height"":67}","{""class"":""vest""}"
Bucks Seat Install_Mortenson 1.jpg,287799,"{}",15,13,"{""name"":""rect"",""x"":257,""y"":89,""width"":70,""height"":67}","{""class"":""vest""}"
Bucks Seat Install_Mortenson 1.jpg,287799,"{}",15,14,"{""name"":""rect"",""x"":448,""y"":92,""width"":57,""height"":71}","{""class"":""vest""}"
c2fc68d376aac0d1be56cf0fdeee4757a9018035.jpg,58879,"{}",4,0,"{""name"":""rect"",""x"":124,""y"":12,""width"":181,""height"":120}","{""class"":""hardhat""}"
c2fc68d376aac0d1be56cf0fdeee4757a9018035.jpg,58879,"{}",4,1,"{""name"":""rect"",""x"":516,""y"":114,""width"":88,""height"":67}","{""class"":""hardhat""}"
c2fc68d376aac0d1be56cf0fdeee4757a9018035.jpg,58879,"{}",4,2,"{""name"":""rect"",""x"":323,""y"":110,""width"":85,""height"":65}","{""class"":""hardhat""}"
c2fc68d376aac0d1be56cf0fdeee4757a9018035.jpg,58879,"{}",4,3,"{""name"":""rect"",""x"":5,""y"":114,""width"":85,""height"":65}","{""class"":""hardhat""}"
CarnegieMellon-Oakland2018_91_of_129_.jpg,506135,"{}",1,0,"{""name"":""rect"",""x"":428,""y"":1,""width"":311,""height"":151}","{""class"":""hardhat""}"
CarnegieMellon-Oakland2018_128_of_129_.jpg,675807,"{}",9,0,"{""name"":""rect"",""x"":742,""y"":10,""width"":94,""height"":66}","{""class"":""hardhat""}"
CarnegieMellon-Oakland2018_128_of_129_.jpg,675807,"{}",9,1,"{""name"":""rect"",""x"":549,""y"":34,""width"":99,""height"":69}","{""class"":""hardhat""}"
CarnegieMellon-Oakland2018_128_of_129_.jpg,675807,"{}",9,2,"{""name"":""rect"",""x"":310,""y"":83,""width"":93,""height"":62}","{""class"":""hardhat""}"
CarnegieMellon-Oakland2018_128_of_129_.jpg,675807,"{}",9,3,"{""name"":""rect"",""x"":130,""y"":128,""width"":101,""height"":56}","{""class"":""hardhat""}"
CarnegieMellon-Oakland2018_128_of_129_.jpg,675807,"{}",9,4,"{""name"":""rect"",""x"":291,""y"":204,""width"":176,""height"":215}","{""class"":""vest""}"
CarnegieMellon-Oakland2018_128_of_129_.jpg,675807,"{}",9,5,"{""name"":""rect"",""x"":163,""y"":690,""width"":178,""height"":93}","{""class"":""boots""}"
CarnegieMellon-Oakland2018_128_of_129_.jpg,675807,"{}",9,6,"{""name"":""rect"",""x"":378,""y"":644,""width"":188,""height"":80}","{""class"":""boots""}"
CarnegieMellon-Oakland2018_128_of_129_.jpg,675807,"{}",9,7,"{""name"":""rect"",""x"":578,""y"":614,""width"":184,""height"":68}","{""class"":""boots""}"
CarnegieMellon-Oakland2018_128_of_129_.jpg,675807,"{}",9,8,"{""name"":""rect"",""x"":828,""y"":613,""width"":173,""height"":80}","{""class"":""boots""}"
chats-men.jpg,83366,"{}",16,0,"{""name"":""rect"",""x"":57,""y"":30,""width"":61,""height"":43}","{""class"":""hardhat""}"
chats-men.jpg,83366,"{}",16,1,"{""name"":""rect"",""x"":133,""y"":44,""width"":49,""height"":33}","{""class"":""hardhat""}"
chats-men.jpg,83366,"{}",16,2,"{""name"":""rect"",""x"":306,""y"":32,""width"":48,""height"":39}","{""class"":""hardhat""}"
chats-men.jpg,83366,"{}",16,3,"{""name"":""rect"",""x"":437,""y"":43,""width"":39,""height"":33}","{""class"":""hardhat""}"
chats-men.jpg,83366,"{}",16,4,"{""name"":""rect"",""x"":460,""y"":33,""width"":41,""height"":31}","{""class"":""hardhat""}"
chats-men.jpg,83366,"{}",16,5,"{""name"":""rect"",""x"":502,""y"":56,""width"":40,""height"":31}","{""class"":""hardhat""}"
chats-men.jpg,83366,"{}",16,6,"{""name"":""rect"",""x"":553,""y"":36,""width"":43,""height"":34}","{""class"":""hardhat""}"
chats-men.jpg,83366,"{}",16,7,"{""name"":""rect"",""x"":623,""y"":57,""width"":47,""height"":30}","{""class"":""hardhat""}"
chats-men.jpg,83366,"{}",16,8,"{""name"":""rect"",""x"":173,""y"":393,""width"":101,""height"":35}","{""class"":""boots""}"
chats-men.jpg,83366,"{}",16,9,"{""name"":""rect"",""x"":294,""y"":356,""width"":87,""height"":40}","{""class"":""boots""}"
chats-men.jpg,83366,"{}",16,10,"{""name"":""rect"",""x"":392,""y"":350,""width"":88,""height"":46}","{""class"":""boots""}"
chats-men.jpg,83366,"{}",16,11,"{""name"":""rect"",""x"":490,""y"":329,""width"":72,""height"":38}","{""class"":""boots""}"
chats-men.jpg,83366,"{}",16,12,"{""name"":""rect"",""x"":591,""y"":315,""width"":42,""height"":40}","{""class"":""boots""}"
chats-men.jpg,83366,"{}",16,13,"{""name"":""rect"",""x"":550,""y"":317,""width"":36,""height"":37}","{""class"":""boots""}"
chats-men.jpg,83366,"{}",16,14,"{""name"":""rect"",""x"":642,""y"":312,""width"":37,""height"":36}","{""class"":""boots""}"
chats-men.jpg,83366,"{}",16,15,"{""name"":""rect"",""x"":126,""y"":319,""width"":64,""height"":42}","{""class"":""boots""}"
Construction workers.jpg,115477,"{}",8,0,"{""name"":""rect"",""x"":128,""y"":130,""width"":71,""height"":41}","{""class"":""hardhat""}"
Construction workers.jpg,115477,"{}",8,1,"{""name"":""rect"",""x"":250,""y"":103,""width"":71,""height"":45}","{""class"":""hardhat""}"
Construction workers.jpg,115477,"{}",8,2,"{""name"":""rect"",""x"":368,""y"":129,""width"":63,""height"":50}","{""class"":""hardhat""}"
Construction workers.jpg,115477,"{}",8,3,"{""name"":""rect"",""x"":468,""y"":106,""width"":66,""height"":45}","{""class"":""hardhat""}"
Construction workers.jpg,115477,"{}",8,4,"{""name"":""rect"",""x"":97,""y"":212,""width"":140,""height"":177}","{""class"":""vest""}"
Construction workers.jpg,115477,"{}",8,5,"{""name"":""rect"",""x"":225,""y"":178,""width"":129,""height"":198}","{""class"":""vest""}"
Construction workers.jpg,115477,"{}",8,6,"{""name"":""rect"",""x"":343,""y"":215,""width"":121,""height"":166}","{""class"":""vest""}"
Construction workers.jpg,115477,"{}",8,7,"{""name"":""rect"",""x"":470,""y"":185,""width"":124,""height"":206}","{""class"":""vest""}"
depositphotos_12463198-stock-photo-female-engineer.jpg,58132,"{}",2,0,"{""name"":""rect"",""x"":345,""y"":186,""width"":165,""height"":109}","{""class"":""hardhat""}"
depositphotos_12463198-stock-photo-female-engineer.jpg,58132,"{}",2,1,"{""name"":""rect"",""x"":292,""y"":380,""width"":288,""height"":449}","{""class"":""vest""}"
depositphotos_14967727-stock-photo-factory-manager-and-worker-looking.jpg,102415,"{}",2,0,"{""name"":""rect"",""x"":358,""y"":53,""width"":181,""height"":164}","{""class"":""hardhat""}"
depositphotos_14967727-stock-photo-factory-manager-and-worker-looking.jpg,102415,"{}",2,1,"{""name"":""rect"",""x"":585,""y"":12,""width"":181,""height"":171}","{""class"":""hardhat""}"
DSC_5880.jpg,379871,"{}",5,0,"{""name"":""rect"",""x"":248,""y"":282,""width"":50,""height"":38}","{""class"":""hardhat""}"
DSC_5880.jpg,379871,"{}",5,1,"{""name"":""rect"",""x"":190,""y"":312,""width"":36,""height"":23}","{""class"":""hardhat""}"
DSC_5880.jpg,379871,"{}",5,2,"{""name"":""rect"",""x"":188,""y"":344,""width"":50,""height"":55}","{""class"":""vest""}"
DSC_5880.jpg,379871,"{}",5,3,"{""name"":""rect"",""x"":233,""y"":348,""width"":76,""height"":104}","{""class"":""vest""}"
DSC_5880.jpg,379871,"{}",5,4,"{""name"":""rect"",""x"":221,""y"":576,""width"":72,""height"":54}","{""class"":""boots""}"
DSC02923.jpg,696433,"{}",9,0,"{""name"":""rect"",""x"":563,""y"":456,""width"":122,""height"":86}","{""class"":""hardhat""}"
DSC02923.jpg,696433,"{}",9,1,"{""name"":""rect"",""x"":1137,""y"":321,""width"":161,""height"":120}","{""class"":""hardhat""}"
DSC02923.jpg,696433,"{}",9,2,"{""name"":""rect"",""x"":1556,""y"":188,""width"":238,""height"":154}","{""class"":""hardhat""}"
DSC02923.jpg,696433,"{}",9,3,"{""name"":""rect"",""x"":1477,""y"":368,""width"":133,""height"":111}","{""class"":""hardhat""}"
DSC02923.jpg,696433,"{}",9,4,"{""name"":""rect"",""x"":1965,""y"":415,""width"":128,""height"":105}","{""class"":""hardhat""}"
DSC02923.jpg,696433,"{}",9,5,"{""name"":""rect"",""x"":2230,""y"":319,""width"":244,""height"":122}","{""class"":""hardhat""}"
DSC02923.jpg,696433,"{}",9,6,"{""name"":""rect"",""x"":2153,""y"":546,""width"":51,""height"":41}","{""class"":""hardhat""}"
DSC02923.jpg,696433,"{}",9,7,"{""name"":""rect"",""x"":2080,""y"":516,""width"":64,""height"":54}","{""class"":""hardhat""}"
DSC02923.jpg,696433,"{}",9,8,"{""name"":""rect"",""x"":1280,""y"":434,""width"":60,""height"":54}","{""class"":""hardhat""}"
electrical-engineer-examining-transformers-inside-of-an-electric-power-DRJRM2.jpg,232885,"{}",2,0,"{""name"":""rect"",""x"":463,""y"":162,""width"":192,""height"":182}","{""class"":""hardhat""}"
electrical-engineer-examining-transformers-inside-of-an-electric-power-DRJRM2.jpg,232885,"{}",2,1,"{""name"":""rect"",""x"":370,""y"":385,""width"":377,""height"":472}","{""class"":""vest""}"
fgh.jpg,176792,"{}",3,0,"{""name"":""rect"",""x"":451,""y"":28,""width"":132,""height"":94}","{""class"":""hardhat""}"
fgh.jpg,176792,"{}",3,1,"{""name"":""rect"",""x"":459,""y"":148,""width"":103,""height"":79}","{""class"":""mask""}"
fgh.jpg,176792,"{}",3,2,"{""name"":""rect"",""x"":384,""y"":193,""width"":265,""height"":371}","{""class"":""vest""}"
ghj.jpg,12124,"{}",2,0,"{""name"":""rect"",""x"":76,""y"":8,""width"":118,""height"":80}","{""class"":""hardhat""}"
ghj.jpg,12124,"{}",2,1,"{""name"":""rect"",""x"":13,""y"":133,""width"":239,""height"":123}","{""class"":""vest""}"
guy-wearing-orange-hi-vis-boiler-suit_1.jpg,113070,"{}",4,0,"{""name"":""rect"",""x"":46,""y"":199,""width"":159,""height"":436}","{""class"":""vest""}"
guy-wearing-orange-hi-vis-boiler-suit_1.jpg,113070,"{}",4,1,"{""name"":""rect"",""x"":105,""y"":620,""width"":99,""height"":101}","{""class"":""boots""}"
guy-wearing-orange-hi-vis-boiler-suit_1.jpg,113070,"{}",4,2,"{""name"":""rect"",""x"":287,""y"":663,""width"":170,""height"":106}","{""class"":""boots""}"
guy-wearing-orange-hi-vis-boiler-suit_1.jpg,113070,"{}",4,3,"{""name"":""rect"",""x"":254,""y"":186,""width"":179,""height"":410}","{""class"":""vest""}"
hard-hat.jpg,47224,"{}",1,0,"{""name"":""rect"",""x"":206,""y"":12,""width"":144,""height"":98}","{""class"":""hardhat""}"
hardhatstickers.jpg,89260,"{}",10,0,"{""name"":""rect"",""x"":380,""y"":77,""width"":77,""height"":58}","{""class"":""hardhat""}"
hardhatstickers.jpg,89260,"{}",10,1,"{""name"":""rect"",""x"":317,""y"":68,""width"":50,""height"":30}","{""class"":""hardhat""}"
hardhatstickers.jpg,89260,"{}",10,2,"{""name"":""rect"",""x"":226,""y"":72,""width"":36,""height"":26}","{""class"":""hardhat""}"
hardhatstickers.jpg,89260,"{}",10,3,"{""name"":""rect"",""x"":170,""y"":53,""width"":42,""height"":31}","{""class"":""hardhat""}"
hardhatstickers.jpg,89260,"{}",10,4,"{""name"":""rect"",""x"":42,""y"":22,""width"":63,""height"":44}","{""class"":""hardhat""}"
hardhatstickers.jpg,89260,"{}",10,5,"{""name"":""rect"",""x"":103,""y"":3,""width"":71,""height"":50}","{""class"":""hardhat""}"
hardhatstickers.jpg,89260,"{}",10,6,"{""name"":""rect"",""x"":343,""y"":162,""width"":115,""height"":182}","{""class"":""vest""}"
hardhatstickers.jpg,89260,"{}",10,7,"{""name"":""rect"",""x"":48,""y"":92,""width"":134,""height"":206}","{""class"":""vest""}"
hardhatstickers.jpg,89260,"{}",10,8,"{""name"":""rect"",""x"":210,""y"":108,""width"":62,""height"":103}","{""class"":""vest""}"
hardhatstickers.jpg,89260,"{}",10,9,"{""name"":""rect"",""x"":306,""y"":126,""width"":73,""height"":121}","{""class"":""vest""}"
hardhatstickers1-e1513333964154.jpg,84063,"{}",2,0,"{""name"":""rect"",""x"":118,""y"":94,""width"":450,""height"":287}","{""class"":""hardhat""}"
hardhatstickers1-e1513333964154.jpg,84063,"{}",2,1,"{""name"":""rect"",""x"":218,""y"":584,""width"":461,""height"":231}","{""class"":""vest""}"
images (1).jpg,11298,"{}",5,0,"{""name"":""rect"",""x"":86,""y"":14,""width"":51,""height"":26}","{""class"":""hardhat""}"
images (1).jpg,11298,"{}",5,1,"{""name"":""rect"",""x"":197,""y"":79,""width"":36,""height"":30}","{""class"":""hardhat""}"
images (1).jpg,11298,"{}",5,2,"{""name"":""rect"",""x"":57,""y"":73,""width"":89,""height"":103}","{""class"":""vest""}"
images (1).jpg,11298,"{}",5,3,"{""name"":""rect"",""x"":185,""y"":120,""width"":45,""height"":58}","{""class"":""vest""}"
images (1).jpg,11298,"{}",5,4,"{""name"":""rect"",""x"":93,""y"":51,""width"":38,""height"":22}","{""class"":""mask""}"
images (2).jpg,10268,"{}",1,0,"{""name"":""rect"",""x"":142,""y"":10,""width"":51,""height"":31}","{""class"":""hardhat""}"
images (3).jpg,10149,"{}",6,0,"{""name"":""rect"",""x"":108,""y"":60,""width"":42,""height"":55}","{""class"":""hardhat""}"
images (3).jpg,10149,"{}",6,1,"{""name"":""rect"",""x"":54,""y"":40,""width"":48,""height"":56}","{""class"":""hardhat""}"
images (3).jpg,10149,"{}",6,2,"{""name"":""rect"",""x"":25,""y"":78,""width"":44,""height"":45}","{""class"":""hardhat""}"
images (3).jpg,10149,"{}",6,3,"{""name"":""rect"",""x"":50,""y"":76,""width"":53,""height"":70}","{""class"":""vest""}"
images (3).jpg,10149,"{}",6,4,"{""name"":""rect"",""x"":4,""y"":72,""width"":38,""height"":72}","{""class"":""vest""}"
images (3).jpg,10149,"{}",6,5,"{""name"":""rect"",""x"":114,""y"":68,""width"":58,""height"":106}","{""class"":""vest""}"
images.jpg,13281,"{}",2,0,"{""name"":""rect"",""x"":133,""y"":8,""width"":62,""height"":46}","{""class"":""hardhat""}"
images.jpg,13281,"{}",2,1,"{""name"":""rect"",""x"":4,""y"":29,""width"":64,""height"":47}","{""class"":""hardhat""}"
ITS_Kheng-Hoe_BELL-KA-PANG-375x195.jpg,21243,"{}",6,0,"{""name"":""rect"",""x"":39,""y"":1,""width"":64,""height"":31}","{""class"":""hardhat""}"
ITS_Kheng-Hoe_BELL-KA-PANG-375x195.jpg,21243,"{}",6,1,"{""name"":""rect"",""x"":112,""y"":41,""width"":49,""height"":35}","{""class"":""hardhat""}"
ITS_Kheng-Hoe_BELL-KA-PANG-375x195.jpg,21243,"{}",6,2,"{""name"":""rect"",""x"":233,""y"":22,""width"":53,""height"":36}","{""class"":""hardhat""}"
ITS_Kheng-Hoe_BELL-KA-PANG-375x195.jpg,21243,"{}",6,3,"{""name"":""rect"",""x"":3,""y"":52,""width"":78,""height"":136}","{""class"":""vest""}"
ITS_Kheng-Hoe_BELL-KA-PANG-375x195.jpg,21243,"{}",6,4,"{""name"":""rect"",""x"":222,""y"":82,""width"":103,""height"":110}","{""class"":""vest""}"
ITS_Kheng-Hoe_BELL-KA-PANG-375x195.jpg,21243,"{}",6,5,"{""name"":""rect"",""x"":90,""y"":86,""width"":61,""height"":102}","{""class"":""vest""}"
Masks.jpg,73580,"{}",3,0,"{""name"":""rect"",""x"":229,""y"":0,""width"":164,""height"":143}","{""class"":""hardhat""}"
Masks.jpg,73580,"{}",3,1,"{""name"":""rect"",""x"":284,""y"":125,""width"":95,""height"":67}","{""class"":""mask""}"
Masks.jpg,73580,"{}",3,2,"{""name"":""rect"",""x"":154,""y"":52,""width"":608,""height"":411}","{""class"":""vest""}"
mature-architect-man-hard-hat-9916058.jpg,119760,"{}",2,0,"{""name"":""rect"",""x"":206,""y"":71,""width"":413,""height"":262}","{""class"":""hardhat""}"
mature-architect-man-hard-hat-9916058.jpg,119760,"{}",2,1,"{""name"":""rect"",""x"":171,""y"":492,""width"":662,""height"":799}","{""class"":""vest""}"
maxresdefault.jpg,115444,"{}",9,0,"{""name"":""rect"",""x"":672,""y"":54,""width"":284,""height"":193}","{""class"":""hardhat""}"
maxresdefault.jpg,115444,"{}",9,1,"{""name"":""rect"",""x"":431,""y"":171,""width"":234,""height"":136}","{""class"":""hardhat""}"
maxresdefault.jpg,115444,"{}",9,2,"{""name"":""rect"",""x"":308,""y"":65,""width"":125,""height"":128}","{""class"":""hardhat""}"
maxresdefault.jpg,115444,"{}",9,3,"{""name"":""rect"",""x"":416,""y"":38,""width"":218,""height"":142}","{""class"":""hardhat""}"
maxresdefault.jpg,115444,"{}",9,4,"{""name"":""rect"",""x"":627,""y"":382,""width"":327,""height"":315}","{""class"":""vest""}"
maxresdefault.jpg,115444,"{}",9,5,"{""name"":""rect"",""x"":415,""y"":401,""width"":274,""height"":315}","{""class"":""vest""}"
maxresdefault.jpg,115444,"{}",9,6,"{""name"":""rect"",""x"":3,""y"":413,""width"":170,""height"":303}","{""class"":""vest""}"
maxresdefault.jpg,115444,"{}",9,7,"{""name"":""rect"",""x"":246,""y"":269,""width"":108,""height"":420}","{""class"":""vest""}"
maxresdefault.jpg,115444,"{}",9,8,"{""name"":""rect"",""x"":323,""y"":256,""width"":176,""height"":458}","{""class"":""vest""}"
orca84488.jpg,2799059,"{}",6,0,"{""name"":""rect"",""x"":1514,""y"":664,""width"":578,""height"":388}","{""class"":""hardhat""}"
orca84488.jpg,2799059,"{}",6,1,"{""name"":""rect"",""x"":560,""y"":530,""width"":239,""height"":164}","{""class"":""hardhat""}"
orca84488.jpg,2799059,"{}",6,2,"{""name"":""rect"",""x"":757,""y"":634,""width"":444,""height"":321}","{""class"":""hardhat""}"
orca84488.jpg,2799059,"{}",6,3,"{""name"":""rect"",""x"":1619,""y"":1205,""width"":727,""height"":1205}","{""class"":""vest""}"
orca84488.jpg,2799059,"{}",6,4,"{""name"":""rect"",""x"":746,""y"":1074,""width"":698,""height"":1041}","{""class"":""vest""}"
orca84488.jpg,2799059,"{}",6,5,"{""name"":""rect"",""x"":519,""y"":824,""width"":295,""height"":574}","{""class"":""vest""}"
original-17243-1429550302-11.jpg,203371,"{}",9,0,"{""name"":""rect"",""x"":259,""y"":40,""width"":100,""height"":80}","{""class"":""hardhat""}"
original-17243-1429550302-11.jpg,203371,"{}",9,1,"{""name"":""rect"",""x"":449,""y"":53,""width"":91,""height"":75}","{""class"":""hardhat""}"
original-17243-1429550302-11.jpg,203371,"{}",9,2,"{""name"":""rect"",""x"":648,""y"":55,""width"":93,""height"":67}","{""class"":""hardhat""}"
original-17243-1429550302-11.jpg,203371,"{}",9,3,"{""name"":""rect"",""x"":205,""y"":144,""width"":204,""height"":283}","{""class"":""vest""}"
original-17243-1429550302-11.jpg,203371,"{}",9,4,"{""name"":""rect"",""x"":653,""y"":169,""width"":152,""height"":247}","{""class"":""vest""}"
original-17243-1429550302-11.jpg,203371,"{}",9,5,"{""name"":""rect"",""x"":414,""y"":165,""width"":178,""height"":231}","{""class"":""vest""}"
original-17243-1429550302-11.jpg,203371,"{}",9,6,"{""name"":""rect"",""x"":233,""y"":683,""width"":169,""height"":85}","{""class"":""boots""}"
original-17243-1429550302-11.jpg,203371,"{}",9,7,"{""name"":""rect"",""x"":672,""y"":663,""width"":156,""height"":90}","{""class"":""boots""}"
original-17243-1429550302-11.jpg,203371,"{}",9,8,"{""name"":""rect"",""x"":408,""y"":672,""width"":220,""height"":57}","{""class"":""boots""}"
pic3_2015-2.jpg,509750,"{}",35,0,"{""name"":""rect"",""x"":140,""y"":81,""width"":108,""height"":73}","{""class"":""hardhat""}"
pic3_2015-2.jpg,509750,"{}",35,1,"{""name"":""rect"",""x"":274,""y"":47,""width"":93,""height"":64}","{""class"":""hardhat""}"
pic3_2015-2.jpg,509750,"{}",35,2,"{""name"":""rect"",""x"":389,""y"":96,""width"":81,""height"":52}","{""class"":""hardhat""}"
pic3_2015-2.jpg,509750,"{}",35,3,"{""name"":""rect"",""x"":526,""y"":74,""width"":100,""height"":68}","{""class"":""hardhat""}"
pic3_2015-2.jpg,509750,"{}",35,4,"{""name"":""rect"",""x"":453,""y"":122,""width"":107,""height"":63}","{""class"":""hardhat""}"
pic3_2015-2.jpg,509750,"{}",35,5,"{""name"":""rect"",""x"":673,""y"":59,""width"":86,""height"":69}","{""class"":""hardhat""}"
pic3_2015-2.jpg,509750,"{}",35,6,"{""name"":""rect"",""x"":700,""y"":137,""width"":105,""height"":76}","{""class"":""hardhat""}"
pic3_2015-2.jpg,509750,"{}",35,7,"{""name"":""rect"",""x"":839,""y"":10,""width"":91,""height"":61}","{""class"":""hardhat""}"
pic3_2015-2.jpg,509750,"{}",35,8,"{""name"":""rect"",""x"":890,""y"":81,""width"":95,""height"":74}","{""class"":""hardhat""}"
pic3_2015-2.jpg,509750,"{}",35,9,"{""name"":""rect"",""x"":942,""y"":200,""width"":110,""height"":108}","{""class"":""hardhat""}"
pic3_2015-2.jpg,509750,"{}",35,10,"{""name"":""rect"",""x"":1006,""y"":37,""width"":86,""height"":71}","{""class"":""hardhat""}"
pic3_2015-2.jpg,509750,"{}",35,11,"{""name"":""rect"",""x"":1071,""y"":115,""width"":90,""height"":61}","{""class"":""hardhat""}"
pic3_2015-2.jpg,509750,"{}",35,12,"{""name"":""rect"",""x"":1170,""y"":73,""width"":81,""height"":61}","{""class"":""hardhat""}"
pic3_2015-2.jpg,509750,"{}",35,13,"{""name"":""rect"",""x"":1302,""y"":34,""width"":86,""height"":61}","{""class"":""hardhat""}"
pic3_2015-2.jpg,509750,"{}",35,14,"{""name"":""rect"",""x"":1272,""y"":123,""width"":98,""height"":69}","{""class"":""hardhat""}"
pic3_2015-2.jpg,509750,"{}",35,15,"{""name"":""rect"",""x"":1404,""y"":64,""width"":78,""height"":64}","{""class"":""hardhat""}"
pic3_2015-2.jpg,509750,"{}",35,16,"{""name"":""rect"",""x"":1466,""y"":24,""width"":81,""height"":56}","{""class"":""hardhat""}"
pic3_2015-2.jpg,509750,"{}",35,17,"{""name"":""rect"",""x"":1573,""y"":66,""width"":96,""height"":59}","{""class"":""hardhat""}"
pic3_2015-2.jpg,509750,"{}",35,18,"{""name"":""rect"",""x"":1688,""y"":36,""width"":95,""height"":66}","{""class"":""hardhat""}"
pic3_2015-2.jpg,509750,"{}",35,19,"{""name"":""rect"",""x"":91,""y"":203,""width"":218,""height"":298}","{""class"":""vest""}"
pic3_2015-2.jpg,509750,"{}",35,20,"{""name"":""rect"",""x"":238,""y"":161,""width"":164,""height"":304}","{""class"":""vest""}"
pic3_2015-2.jpg,509750,"{}",35,21,"{""name"":""rect"",""x"":353,""y"":210,""width"":103,""height"":259}","{""class"":""vest""}"
pic3_2015-2.jpg,509750,"{}",35,22,"{""name"":""rect"",""x"":435,""y"":247,""width"":183,""height"":271}","{""class"":""vest""}"
pic3_2015-2.jpg,509750,"{}",35,23,"{""name"":""rect"",""x"":629,""y"":250,""width"":184,""height"":277}","{""class"":""vest""}"
pic3_2015-2.jpg,509750,"{}",35,24,"{""name"":""rect"",""x"":873,""y"":315,""width"":225,""height"":281}","{""class"":""vest""}"
pic3_2015-2.jpg,509750,"{}",35,25,"{""name"":""rect"",""x"":1669,""y"":154,""width"":166,""height"":279}","{""class"":""vest""}"
pic3_2015-2.jpg,509750,"{}",35,26,"{""name"":""rect"",""x"":1527,""y"":178,""width"":194,""height"":301}","{""class"":""vest""}"
pic3_2015-2.jpg,509750,"{}",35,27,"{""name"":""rect"",""x"":1241,""y"":238,""width"":167,""height"":282}","{""class"":""vest""}"
pic3_2015-2.jpg,509750,"{}",35,28,"{""name"":""rect"",""x"":1043,""y"":216,""width"":178,""height"":286}","{""class"":""vest""}"
pic3_2015-2.jpg,509750,"{}",35,29,"{""name"":""rect"",""x"":179,""y"":698,""width"":125,""height"":110}","{""class"":""boots""}"
pic3_2015-2.jpg,509750,"{}",35,30,"{""name"":""rect"",""x"":665,""y"":722,""width"":134,""height"":96}","{""class"":""boots""}"
pic3_2015-2.jpg,509750,"{}",35,31,"{""name"":""rect"",""x"":1265,""y"":727,""width"":152,""height"":112}","{""class"":""boots""}"
pic3_2015-2.jpg,509750,"{}",35,32,"{""name"":""rect"",""x"":1180,""y"":595,""width"":83,""height"":105}","{""class"":""boots""}"
pic3_2015-2.jpg,509750,"{}",35,33,"{""name"":""rect"",""x"":558,""y"":636,""width"":107,""height"":86}","{""class"":""vest""}"
pic3_2015-2.jpg,509750,"{}",35,34,"{""name"":""rect"",""x"":1539,""y"":690,""width"":230,""height"":95}","{""class"":""vest""}"
portrait-of-managers-with-hard-hat-are-looking-each-other-and-laughing-GA23M8.jpg,176142,"{}",3,0,"{""name"":""rect"",""x"":487,""y"":501,""width"":156,""height"":178}","{""class"":""hardhat""}"
portrait-of-managers-with-hard-hat-are-looking-each-other-and-laughing-GA23M8.jpg,176142,"{}",3,1,"{""name"":""rect"",""x"":815,""y"":507,""width"":210,""height"":198}","{""class"":""hardhat""}"
portrait-of-managers-with-hard-hat-are-looking-each-other-and-laughing-GA23M8.jpg,176142,"{}",3,2,"{""name"":""rect"",""x"":223,""y"":105,""width"":201,""height"":112}","{""class"":""hardhat""}"
portrait-of-woman-worker-wearing-dust-mask-at-construction-site-XBBXYD.jpg,127031,"{}",2,0,"{""name"":""rect"",""x"":275,""y"":235,""width"":536,""height"":423}","{""class"":""hardhat""}"
portrait-of-woman-worker-wearing-dust-mask-at-construction-site-XBBXYD.jpg,127031,"{}",2,1,"{""name"":""rect"",""x"":337,""y"":686,""width"":375,""height"":286}","{""class"":""mask""}"
RedHardHatMKE.jpg,150281,"{}",8,0,"{""name"":""rect"",""x"":185,""y"":138,""width"":37,""height"":24}","{""class"":""hardhat""}"
RedHardHatMKE.jpg,150281,"{}",8,1,"{""name"":""rect"",""x"":277,""y"":132,""width"":41,""height"":24}","{""class"":""hardhat""}"
RedHardHatMKE.jpg,150281,"{}",8,2,"{""name"":""rect"",""x"":362,""y"":130,""width"":37,""height"":26}","{""class"":""hardhat""}"
RedHardHatMKE.jpg,150281,"{}",8,3,"{""name"":""rect"",""x"":445,""y"":116,""width"":42,""height"":32}","{""class"":""hardhat""}"
RedHardHatMKE.jpg,150281,"{}",8,4,"{""name"":""rect"",""x"":169,""y"":393,""width"":76,""height"":41}","{""class"":""boots""}"
RedHardHatMKE.jpg,150281,"{}",8,5,"{""name"":""rect"",""x"":270,""y"":395,""width"":65,""height"":32}","{""class"":""boots""}"
RedHardHatMKE.jpg,150281,"{}",8,6,"{""name"":""rect"",""x"":338,""y"":384,""width"":86,""height"":43}","{""class"":""boots""}"
RedHardHatMKE.jpg,150281,"{}",8,7,"{""name"":""rect"",""x"":422,""y"":392,""width"":98,""height"":60}","{""class"":""boots""}"
rr-hardhat-hero.jpg,244625,"{}",6,0,"{""name"":""rect"",""x"":241,""y"":174,""width"":300,""height"":186}","{""class"":""hardhat""}"
rr-hardhat-hero.jpg,244625,"{}",6,1,"{""name"":""rect"",""x"":722,""y"":137,""width"":250,""height"":155}","{""class"":""hardhat""}"
rr-hardhat-hero.jpg,244625,"{}",6,2,"{""name"":""rect"",""x"":1143,""y"":36,""width"":224,""height"":171}","{""class"":""hardhat""}"
rr-hardhat-hero.jpg,244625,"{}",6,3,"{""name"":""rect"",""x"":104,""y"":455,""width"":574,""height"":247}","{""class"":""vest""}"
rr-hardhat-hero.jpg,244625,"{}",6,4,"{""name"":""rect"",""x"":669,""y"":410,""width"":467,""height"":291}","{""class"":""vest""}"
rr-hardhat-hero.jpg,244625,"{}",6,5,"{""name"":""rect"",""x"":1043,""y"":333,""width"":572,""height"":366}","{""class"":""vest""}"
rust.jpg,120628,"{}",14,0,"{""name"":""rect"",""x"":55,""y"":8,""width"":37,""height"":32}","{""class"":""hardhat""}"
rust.jpg,120628,"{}",14,1,"{""name"":""rect"",""x"":155,""y"":25,""width"":42,""height"":31}","{""class"":""hardhat""}"
rust.jpg,120628,"{}",14,2,"{""name"":""rect"",""x"":222,""y"":28,""width"":43,""height"":31}","{""class"":""hardhat""}"
rust.jpg,120628,"{}",14,3,"{""name"":""rect"",""x"":351,""y"":24,""width"":42,""height"":30}","{""class"":""hardhat""}"
rust.jpg,120628,"{}",14,4,"{""name"":""rect"",""x"":448,""y"":29,""width"":43,""height"":31}","{""class"":""hardhat""}"
rust.jpg,120628,"{}",14,5,"{""name"":""rect"",""x"":565,""y"":29,""width"":41,""height"":33}","{""class"":""hardhat""}"
rust.jpg,120628,"{}",14,6,"{""name"":""rect"",""x"":26,""y"":52,""width"":83,""height"":104}","{""class"":""vest""}"
rust.jpg,120628,"{}",14,7,"{""name"":""rect"",""x"":130,""y"":60,""width"":76,""height"":115}","{""class"":""vest""}"
rust.jpg,120628,"{}",14,8,"{""name"":""rect"",""x"":210,""y"":61,""width"":84,""height"":105}","{""class"":""vest""}"
rust.jpg,120628,"{}",14,9,"{""name"":""rect"",""x"":319,""y"":54,""width"":95,""height"":114}","{""class"":""vest""}"
rust.jpg,120628,"{}",14,10,"{""name"":""rect"",""x"":432,""y"":65,""width"":83,""height"":106}","{""class"":""vest""}"
rust.jpg,120628,"{}",14,11,"{""name"":""rect"",""x"":553,""y"":73,""width"":64,""height"":104}","{""class"":""vest""}"
rust.jpg,120628,"{}",14,12,"{""name"":""rect"",""x"":147,""y"":240,""width"":57,""height"":37}","{""class"":""boots""}"
rust.jpg,120628,"{}",14,13,"{""name"":""rect"",""x"":52,""y"":240,""width"":57,""height"":37}","{""class"":""boots""}"
s960_Minister_hears_from_construction_workers_960x640.jpg,134142,"{}",4,0,"{""name"":""rect"",""x"":71,""y"":60,""width"":111,""height"":70}","{""class"":""hardhat""}"
s960_Minister_hears_from_construction_workers_960x640.jpg,134142,"{}",4,1,"{""name"":""rect"",""x"":516,""y"":28,""width"":190,""height"":134}","{""class"":""hardhat""}"
s960_Minister_hears_from_construction_workers_960x640.jpg,134142,"{}",4,2,"{""name"":""rect"",""x"":22,""y"":168,""width"":199,""height"":221}","{""class"":""vest""}"
s960_Minister_hears_from_construction_workers_960x640.jpg,134142,"{}",4,3,"{""name"":""rect"",""x"":487,""y"":210,""width"":343,""height"":423}","{""class"":""vest""}"
safetystandown_froedtertparking6-68web-700x450.jpg,57432,"{}",15,0,"{""name"":""rect"",""x"":47,""y"":153,""width"":31,""height"":23}","{""class"":""hardhat""}"
safetystandown_froedtertparking6-68web-700x450.jpg,57432,"{}",15,1,"{""name"":""rect"",""x"":231,""y"":64,""width"":77,""height"":56}","{""class"":""hardhat""}"
safetystandown_froedtertparking6-68web-700x450.jpg,57432,"{}",15,2,"{""name"":""rect"",""x"":145,""y"":138,""width"":37,""height"":39}","{""class"":""hardhat""}"
safetystandown_froedtertparking6-68web-700x450.jpg,57432,"{}",15,3,"{""name"":""rect"",""x"":622,""y"":160,""width"":36,""height"":29}","{""class"":""hardhat""}"
safetystandown_froedtertparking6-68web-700x450.jpg,57432,"{}",15,4,"{""name"":""rect"",""x"":452,""y"":125,""width"":35,""height"":26}","{""class"":""hardhat""}"
safetystandown_froedtertparking6-68web-700x450.jpg,57432,"{}",15,5,"{""name"":""rect"",""x"":352,""y"":133,""width"":32,""height"":24}","{""class"":""hardhat""}"
safetystandown_froedtertparking6-68web-700x450.jpg,57432,"{}",15,6,"{""name"":""rect"",""x"":406,""y"":140,""width"":28,""height"":21}","{""class"":""hardhat""}"
safetystandown_froedtertparking6-68web-700x450.jpg,57432,"{}",15,7,"{""name"":""rect"",""x"":529,""y"":140,""width"":32,""height"":24}","{""class"":""hardhat""}"
safetystandown_froedtertparking6-68web-700x450.jpg,57432,"{}",15,8,"{""name"":""rect"",""x"":441,""y"":167,""width"":65,""height"":96}","{""class"":""vest""}"
safetystandown_froedtertparking6-68web-700x450.jpg,57432,"{}",15,9,"{""name"":""rect"",""x"":518,""y"":178,""width"":64,""height"":97}","{""class"":""vest""}"
safetystandown_froedtertparking6-68web-700x450.jpg,57432,"{}",15,10,"{""name"":""rect"",""x"":36,""y"":361,""width"":62,""height"":32}","{""class"":""boots""}"
safetystandown_froedtertparking6-68web-700x450.jpg,57432,"{}",15,11,"{""name"":""rect"",""x"":350,""y"":364,""width"":44,""height"":40}","{""class"":""boots""}"
safetystandown_froedtertparking6-68web-700x450.jpg,57432,"{}",15,12,"{""name"":""rect"",""x"":502,""y"":375,""width"":65,""height"":33}","{""class"":""boots""}"
safetystandown_froedtertparking6-68web-700x450.jpg,57432,"{}",15,13,"{""name"":""rect"",""x"":107,""y"":373,""width"":89,""height"":36}","{""class"":""boots""}"
safetystandown_froedtertparking6-68web-700x450.jpg,57432,"{}",15,14,"{""name"":""rect"",""x"":457,""y"":364,""width"":33,""height"":28}","{""class"":""boots""}"
smart-hard-hat-construction-site.jpg,70256,"{}",4,0,"{""name"":""rect"",""x"":103,""y"":106,""width"":66,""height"":54}","{""class"":""hardhat""}"
smart-hard-hat-construction-site.jpg,70256,"{}",4,1,"{""name"":""rect"",""x"":189,""y"":82,""width"":74,""height"":59}","{""class"":""hardhat""}"
smart-hard-hat-construction-site.jpg,70256,"{}",4,2,"{""name"":""rect"",""x"":66,""y"":196,""width"":107,""height"":189}","{""class"":""vest""}"
smart-hard-hat-construction-site.jpg,70256,"{}",4,3,"{""name"":""rect"",""x"":178,""y"":179,""width"":126,""height"":213}","{""class"":""vest""}"
team-construction-engineers-three-architects-are-ready-wear-medical-masks_61243-701.jpg,97949,"{}",9,0,"{""name"":""rect"",""x"":176,""y"":103,""width"":80,""height"":65}","{""class"":""mask""}"
team-construction-engineers-three-architects-are-ready-wear-medical-masks_61243-701.jpg,97949,"{}",9,1,"{""name"":""rect"",""x"":146,""y"":17,""width"":116,""height"":66}","{""class"":""hardhat""}"
team-construction-engineers-three-architects-are-ready-wear-medical-masks_61243-701.jpg,97949,"{}",9,2,"{""name"":""rect"",""x"":304,""y"":119,""width"":82,""height"":53}","{""class"":""hardhat""}"
team-construction-engineers-three-architects-are-ready-wear-medical-masks_61243-701.jpg,97949,"{}",9,3,"{""name"":""rect"",""x"":497,""y"":116,""width"":76,""height"":57}","{""class"":""hardhat""}"
team-construction-engineers-three-architects-are-ready-wear-medical-masks_61243-701.jpg,97949,"{}",9,4,"{""name"":""rect"",""x"":348,""y"":180,""width"":42,""height"":31}","{""class"":""mask""}"
team-construction-engineers-three-architects-are-ready-wear-medical-masks_61243-701.jpg,97949,"{}",9,5,"{""name"":""rect"",""x"":493,""y"":172,""width"":53,""height"":40}","{""class"":""mask""}"
team-construction-engineers-three-architects-are-ready-wear-medical-masks_61243-701.jpg,97949,"{}",9,6,"{""name"":""rect"",""x"":129,""y"":192,""width"":194,""height"":220}","{""class"":""vest""}"
team-construction-engineers-three-architects-are-ready-wear-medical-masks_61243-701.jpg,97949,"{}",9,7,"{""name"":""rect"",""x"":467,""y"":216,""width"":136,""height"":194}","{""class"":""vest""}"
team-construction-engineers-three-architects-are-ready-wear-medical-masks_61243-701.jpg,97949,"{}",9,8,"{""name"":""rect"",""x"":296,""y"":200,""width"":122,""height"":206}","{""class"":""vest""}"
team-construction-engineers-three-architects-are-ready-wear-medical-masks-corona-covid-19-wear-masks-during-design-construction_140555-402.jpg,97858,"{}",7,0,"{""name"":""rect"",""x"":185,""y"":94,""width"":114,""height"":82}","{""class"":""mask""}"
team-construction-engineers-three-architects-are-ready-wear-medical-masks-corona-covid-19-wear-masks-during-design-construction_140555-402.jpg,97858,"{}",7,1,"{""name"":""rect"",""x"":156,""y"":3,""width"":159,""height"":54}","{""class"":""hardhat""}"
team-construction-engineers-three-architects-are-ready-wear-medical-masks-corona-covid-19-wear-masks-during-design-construction_140555-402.jpg,97858,"{}",7,2,"{""name"":""rect"",""x"":337,""y"":75,""width"":73,""height"":57}","{""class"":""hardhat""}"
team-construction-engineers-three-architects-are-ready-wear-medical-masks-corona-covid-19-wear-masks-during-design-construction_140555-402.jpg,97858,"{}",7,3,"{""name"":""rect"",""x"":490,""y"":85,""width"":66,""height"":44}","{""class"":""hardhat""}"
team-construction-engineers-three-architects-are-ready-wear-medical-masks-corona-covid-19-wear-masks-during-design-construction_140555-402.jpg,97858,"{}",7,4,"{""name"":""rect"",""x"":472,""y"":174,""width"":104,""height"":150}","{""class"":""vest""}"
team-construction-engineers-three-architects-are-ready-wear-medical-masks-corona-covid-19-wear-masks-during-design-construction_140555-402.jpg,97858,"{}",7,5,"{""name"":""rect"",""x"":153,""y"":181,""width"":225,""height"":231}","{""class"":""vest""}"
team-construction-engineers-three-architects-are-ready-wear-medical-masks-corona-covid-19-wear-masks-during-design-construction_140555-402.jpg,97858,"{}",7,6,"{""name"":""rect"",""x"":327,""y"":153,""width"":102,""height"":131}","{""class"":""vest""}"
tgj.jpg,413294,"{}",13,0,"{""name"":""rect"",""x"":195,""y"":344,""width"":284,""height"":302}","{""class"":""mask""}"
tgj.jpg,413294,"{}",13,1,"{""name"":""rect"",""x"":789,""y"":797,""width"":211,""height"":234}","{""class"":""mask""}"
tgj.jpg,413294,"{}",13,2,"{""name"":""rect"",""x"":1172,""y"":555,""width"":182,""height"":216}","{""class"":""mask""}"
tgj.jpg,413294,"{}",13,3,"{""name"":""rect"",""x"":1328,""y"":740,""width"":180,""height"":177}","{""class"":""mask""}"
tgj.jpg,413294,"{}",13,4,"{""name"":""rect"",""x"":1552,""y"":971,""width"":172,""height"":174}","{""class"":""mask""}"
tgj.jpg,413294,"{}",13,5,"{""name"":""rect"",""x"":529,""y"":474,""width"":492,""height"":406}","{""class"":""hardhat""}"
tgj.jpg,413294,"{}",13,6,"{""name"":""rect"",""x"":948,""y"":229,""width"":453,""height"":286}","{""class"":""hardhat""}"
tgj.jpg,413294,"{}",13,7,"{""name"":""rect"",""x"":1276,""y"":469,""width"":315,""height"":242}","{""class"":""hardhat""}"
tgj.jpg,413294,"{}",13,8,"{""name"":""rect"",""x"":1464,""y"":711,""width"":313,""height"":273}","{""class"":""hardhat""}"
tgj.jpg,413294,"{}",13,9,"{""name"":""rect"",""x"":21,""y"":617,""width"":568,""height"":1070}","{""class"":""vest""}"
tgj.jpg,413294,"{}",13,10,"{""name"":""rect"",""x"":635,""y"":1003,""width"":568,""height"":693}","{""class"":""vest""}"
tgj.jpg,413294,"{}",13,11,"{""name"":""rect"",""x"":1287,""y"":961,""width"":313,""height"":732}","{""class"":""vest""}"
tgj.jpg,413294,"{}",13,12,"{""name"":""rect"",""x"":1497,""y"":1146,""width"":313,""height"":542}","{""class"":""vest""}"
two-builders-on-site-in-orange-safety-clothing-and-hard-hats-H4D7HH.jpg,164174,"{}",4,0,"{""name"":""rect"",""x"":167,""y"":44,""width"":232,""height"":175}","{""class"":""hardhat""}"
two-builders-on-site-in-orange-safety-clothing-and-hard-hats-H4D7HH.jpg,164174,"{}",4,1,"{""name"":""rect"",""x"":731,""y"":274,""width"":199,""height"":194}","{""class"":""hardhat""}"
two-builders-on-site-in-orange-safety-clothing-and-hard-hats-H4D7HH.jpg,164174,"{}",4,2,"{""name"":""rect"",""x"":11,""y"":258,""width"":388,""height"":615}","{""class"":""vest""}"
two-builders-on-site-in-orange-safety-clothing-and-hard-hats-H4D7HH.jpg,164174,"{}",4,3,"{""name"":""rect"",""x"":529,""y"":477,""width"":551,""height"":449}","{""class"":""vest""}"
two-workers-wearing-safety-hat-in-a-stock-images_csp20192057.jpg,60170,"{}",4,0,"{""name"":""rect"",""x"":121,""y"":80,""width"":62,""height"":43}","{""class"":""hardhat""}"
two-workers-wearing-safety-hat-in-a-stock-images_csp20192057.jpg,60170,"{}",4,1,"{""name"":""rect"",""x"":252,""y"":83,""width"":54,""height"":37}","{""class"":""hardhat""}"
two-workers-wearing-safety-hat-in-a-stock-images_csp20192057.jpg,60170,"{}",4,2,"{""name"":""rect"",""x"":238,""y"":167,""width"":120,""height"":257}","{""class"":""vest""}"
two-workers-wearing-safety-hat-in-a-stock-images_csp20192057.jpg,60170,"{}",4,3,"{""name"":""rect"",""x"":76,""y"":147,""width"":110,""height"":277}","{""class"":""vest""}"
unnamed.jpg,88126,"{}",2,0,"{""name"":""rect"",""x"":118,""y"":48,""width"":122,""height"":116}","{""class"":""hardhat""}"
unnamed.jpg,88126,"{}",2,1,"{""name"":""rect"",""x"":30,""y"":167,""width"":144,""height"":177}","{""class"":""vest""}"
Viz-Kit_App2.jpg,494429,"{}",3,0,"{""name"":""rect"",""x"":269,""y"":98,""width"":100,""height"":81}","{""class"":""hardhat""}"
Viz-Kit_App2.jpg,494429,"{}",3,1,"{""name"":""rect"",""x"":464,""y"":99,""width"":94,""height"":72}","{""class"":""hardhat""}"
Viz-Kit_App2.jpg,494429,"{}",3,2,"{""name"":""rect"",""x"":642,""y"":114,""width"":101,""height"":70}","{""class"":""hardhat""}"
warehouse-managers-looking-at-clipboard-FFXAG4.jpg,162202,"{}",8,0,"{""name"":""rect"",""x"":91,""y"":277,""width"":53,""height"":41}","{""class"":""hardhat""}"
warehouse-managers-looking-at-clipboard-FFXAG4.jpg,162202,"{}",8,1,"{""name"":""rect"",""x"":328,""y"":293,""width"":38,""height"":43}","{""class"":""hardhat""}"
warehouse-managers-looking-at-clipboard-FFXAG4.jpg,162202,"{}",8,2,"{""name"":""rect"",""x"":538,""y"":201,""width"":159,""height"":110}","{""class"":""hardhat""}"
warehouse-managers-looking-at-clipboard-FFXAG4.jpg,162202,"{}",8,3,"{""name"":""rect"",""x"":811,""y"":134,""width"":201,""height"":121}","{""class"":""hardhat""}"
warehouse-managers-looking-at-clipboard-FFXAG4.jpg,162202,"{}",8,4,"{""name"":""rect"",""x"":319,""y"":323,""width"":49,""height"":75}","{""class"":""vest""}"
warehouse-managers-looking-at-clipboard-FFXAG4.jpg,162202,"{}",8,5,"{""name"":""rect"",""x"":107,""y"":346,""width"":70,""height"":108}","{""class"":""vest""}"
warehouse-managers-looking-at-clipboard-FFXAG4.jpg,162202,"{}",8,6,"{""name"":""rect"",""x"":480,""y"":401,""width"":295,""height"":382}","{""class"":""vest""}"
warehouse-managers-looking-at-clipboard-FFXAG4.jpg,162202,"{}",8,7,"{""name"":""rect"",""x"":813,""y"":403,""width"":325,""height"":456}","{""class"":""vest""}"
water-workers-orange-hi-vis-boilersuits_2.jpg,174755,"{}",4,0,"{""name"":""rect"",""x"":141,""y"":129,""width"":79,""height"":81}","{""class"":""hardhat""}"
water-workers-orange-hi-vis-boilersuits_2.jpg,174755,"{}",4,1,"{""name"":""rect"",""x"":426,""y"":143,""width"":69,""height"":79}","{""class"":""hardhat""}"
water-workers-orange-hi-vis-boilersuits_2.jpg,174755,"{}",4,2,"{""name"":""rect"",""x"":93,""y"":195,""width"":159,""height"":389}","{""class"":""vest""}"
water-workers-orange-hi-vis-boilersuits_2.jpg,174755,"{}",4,3,"{""name"":""rect"",""x"":301,""y"":188,""width"":197,""height"":464}","{""class"":""vest""}"
wcms_720177.jpg,233668,"{}",4,0,"{""name"":""rect"",""x"":579,""y"":77,""width"":101,""height"":76}","{""class"":""hardhat""}"
wcms_720177.jpg,233668,"{}",4,1,"{""name"":""rect"",""x"":219,""y"":5,""width"":172,""height"":106}","{""class"":""hardhat""}"
wcms_720177.jpg,233668,"{}",4,2,"{""name"":""rect"",""x"":41,""y"":83,""width"":97,""height"":67}","{""class"":""hardhat""}"
wcms_720177.jpg,233668,"{}",4,3,"{""name"":""rect"",""x"":118,""y"":97,""width"":69,""height"":54}","{""class"":""hardhat""}"
worker-laying-brick-at-construction-site-CRK1H3.jpg,134295,"{}",5,0,"{""name"":""rect"",""x"":303,""y"":419,""width"":174,""height"":155}","{""class"":""hardhat""}"
worker-laying-brick-at-construction-site-CRK1H3.jpg,134295,"{}",5,1,"{""name"":""rect"",""x"":257,""y"":213,""width"":95,""height"":51}","{""class"":""hardhat""}"
worker-laying-brick-at-construction-site-CRK1H3.jpg,134295,"{}",5,2,"{""name"":""rect"",""x"":354,""y"":500,""width"":405,""height"":528}","{""class"":""vest""}"
worker-laying-brick-at-construction-site-CRK1H3.jpg,134295,"{}",5,3,"{""name"":""rect"",""x"":278,""y"":1010,""width"":218,""height"":123}","{""class"":""boots""}"
worker-laying-brick-at-construction-site-CRK1H3.jpg,134295,"{}",5,4,"{""name"":""rect"",""x"":236,""y"":313,""width"":139,""height"":222}","{""class"":""vest""}"
workmen-wearing-high-viz-safety-clothing-at-the-construction-site-E97F6K.jpg,206226,"{}",2,0,"{""name"":""rect"",""x"":296,""y"":210,""width"":108,""height"":97}","{""class"":""hardhat""}"
workmen-wearing-high-viz-safety-clothing-at-the-construction-site-E97F6K.jpg,206226,"{}",2,1,"{""name"":""rect"",""x"":255,""y"":338,""width"":252,""height"":478}","{""class"":""vest""}"
workmen-wearing-high-viz-safety-clothing-at-the-construction-site-E97F6P.jpg,219467,"{}",9,0,"{""name"":""rect"",""x"":647,""y"":129,""width"":88,""height"":69}","{""class"":""hardhat""}"
workmen-wearing-high-viz-safety-clothing-at-the-construction-site-E97F6P.jpg,219467,"{}",9,1,"{""name"":""rect"",""x"":822,""y"":166,""width"":92,""height"":70}","{""class"":""hardhat""}"
workmen-wearing-high-viz-safety-clothing-at-the-construction-site-E97F6P.jpg,219467,"{}",9,2,"{""name"":""rect"",""x"":981,""y"":158,""width"":92,""height"":107}","{""class"":""hardhat""}"
workmen-wearing-high-viz-safety-clothing-at-the-construction-site-E97F6P.jpg,219467,"{}",9,3,"{""name"":""rect"",""x"":599,""y"":215,""width"":159,""height"":444}","{""class"":""vest""}"
workmen-wearing-high-viz-safety-clothing-at-the-construction-site-E97F6P.jpg,219467,"{}",9,4,"{""name"":""rect"",""x"":809,""y"":258,""width"":147,""height"":443}","{""class"":""vest""}"
workmen-wearing-high-viz-safety-clothing-at-the-construction-site-E97F6P.jpg,219467,"{}",9,5,"{""name"":""rect"",""x"":985,""y"":272,""width"":209,""height"":486}","{""class"":""vest""}"
workmen-wearing-high-viz-safety-clothing-at-the-construction-site-E97F6P.jpg,219467,"{}",9,6,"{""name"":""rect"",""x"":615,""y"":637,""width"":143,""height"":64}","{""class"":""boots""}"
workmen-wearing-high-viz-safety-clothing-at-the-construction-site-E97F6P.jpg,219467,"{}",9,7,"{""name"":""rect"",""x"":798,""y"":672,""width"":131,""height"":75}","{""class"":""boots""}"
workmen-wearing-high-viz-safety-clothing-at-the-construction-site-E97F6P.jpg,219467,"{}",9,8,"{""name"":""rect"",""x"":954,""y"":720,""width"":174,""height"":127}","{""class"":""boots""}"